Ticker,Predicted_Return,Sentiment,Volatility,Max_Drawdown,Beta,Forecast_Signal,Sentiment_Signal,Risk_Signal,Composite_Score,Recommendation
AAPL,-0.0034395745024085,0.0,0.2874351323342554,-0.38515932629697514,1.1858469295722196,-0.23633221965739692,0.06298330360629989,0.4098866784888098,-0.18124845444457044,HOLD
MSFT,0.0093627739697694,0.1850910782814026,0.275992917450374,-0.3714850205620084,1.1806383578647615,0.9476321388081577,0.46833346473796,0.38375689080509,0.5375647306644489,BUY
JPM,0.0087490947917103,0.0,0.2691069090432344,-0.4362649024158817,1.0845631857985627,0.890878936383352,0.06298330360629989,0.3988435472216666,0.38456574982923264,BUY
XOM,0.0099290339276194,-0.4853796660900116,0.2749293217984378,-0.6134247973089233,0.768532567915314,1.0,-1.0,0.4603169827166521,0.10793660345666958,HOLD
JNJ,-0.0035564103163778,0.0,0.1835993903833946,-0.27366235595480615,0.46916003733097295,-0.247137224679138,0.06298330360629989,0.026590055969859396,-0.10999163245165092,HOLD
PG,-0.0116972057148814,0.0,0.1866267915736172,-0.245042197475012,0.49681748784004015,-1.0,0.06298330360629989,0.016476116438688838,-0.4844002322058478,SELL
NVDA,-0.0028937263414263,0.0,0.4818065260181842,-0.6633509626581452,1.7630868715551742,-0.18585204649687415,0.06298330360629989,1.0,-0.2740310321665471,SELL
KO,-0.0068237693049013,0.0,0.17900864591862828,-0.3698751824533776,0.5094220279396495,-0.5493033934200362,0.06298330360629989,0.0988617581754994,-0.275529057263228,SELL
HD,0.0041711349040269,0.4278607666492462,0.24406720964852144,-0.3799372628558494,0.9454809449718187,0.4675080717891582,1.0,0.29312253105262487,0.4751295296840542,BUY
